n_ti,n_nd,mean_ti_nd_A,std_ti_nd_A,min_ti_nd_A,max_ti_nd_A,mean_ti_ti_A,std_ti_ti_A,min_ti_ti_A,max_ti_ti_A
8,16,4.257075549603954,0.6966999382196042,3.1752154277954117,5.155586841552182,5.057090612684692,1.0014674987994472,3.373859654666299,6.067697369891894
